ID,"Tender Number",Title,Category,District,State,"Contractor Name","Sanctioned Amount (INR)","Actual Spent (INR)","Progress %","Spent %","Variance %",Status,"Variance Flag","Delay Flag","Scheduled End Date"
10,TND-CSV-01,"Nagpur Rural Water Pipeline Phase 1","Water supply/Sanitation",Nagpur,Maharashtra,"Larsen & Infra Projects Ltd",15000000,0,0,0,0,AWARDED,NO,NO,2026-11-30
9,TND-TEST-1790279846,"Automated Test Bridge Repair Project",Flyovers/Bridges,Nagpur,Maharashtra,"Larsen & Infra Projects Ltd",5000000,4500000,70,90,20,AWARDED,YES,NO,2026-12-31
8,TND-2026-BL-08,"Dr. Ambedkar Hostel Expansion Wing",Buildings,Varanasi,"Uttar Pradesh","National Welfare Projects Corp",18000000,0,0,0,0,AWARDED,NO,NO,2027-05-31
7,TND-2026-RD-07,"Shaheed Path Link Road Upgrade",Roads,Lucknow,"Uttar Pradesh","Ganga Construction Consortium",22000000,21800000,100,99.09,-0.91,COMPLETED,NO,NO,2026-06-30
6,TND-2026-WF-06,"PM-DAKSH Divyang Skill Training Facility","Welfare schemes",Pune,Maharashtra,"National Welfare Projects Corp",12000000,0,0,0,0,AWARDED,NO,NO,2027-03-31
5,TND-2026-WS-05,"Amravati Road Overhead Sump & Pipeline","Water supply/Sanitation",Nagpur,Maharashtra,"Larsen & Infra Projects Ltd",28000000,2800000,10,10,0,AWARDED,NO,NO,2027-04-30
4,TND-2026-BL-04,"MoSJE Composite Rehabilitation Centre",Buildings,Lucknow,"Uttar Pradesh","Ganga Construction Consortium",15000000,10500000,40,70,30,IN_PROGRESS,YES,NO,2026-10-31
3,TND-2026-BR-03,"Varuna River Submersible Bridge",Flyovers/Bridges,Varanasi,"Uttar Pradesh","Ganga Construction Consortium",36000000,15840000,40,44,4,DELAYED,NO,YES,2026-08-31
2,TND-2026-FL-02,"Shivaji Nagar Elevated Grade Separator",Flyovers/Bridges,Pune,Maharashtra,"Bharat Road Builders Pvt Ltd",82000000,49200000,60,60,0,IN_PROGRESS,NO,NO,2026-11-30
1,TND-2026-RD-01,"Four-Laning of Hingna Arterial Corridor",Roads,Nagpur,Maharashtra,"Larsen & Infra Projects Ltd",45000000,19800000,45,44,-1,IN_PROGRESS,NO,NO,2026-12-31
